<?xml version="1.0" encoding="UTF-8" standalone="no"?>
<registration_data version="1.0">
   <environment>
      <hostname>windows</hostname>
      <hostId/>
      <osName>Windows XP</osName>
      <osVersion>5.1</osVersion>
      <osArchitecture>x86</osArchitecture>
      <systemModel>VirtualBox</systemModel>
      <systemManufacturer>innotek GmbH</systemManufacturer>
      <cpuManufacturer>GenuineIntel</cpuManufacturer>
      <serialNumber>0</serialNumber>
   </environment>
   <registry urn="urn:st:3c3ad588-15bc-4f41-b230-c7d799d2d8d5" version="1.0">
      <service_tag>
         <instance_urn>urn:st:37aa15f4-9e65-4af7-83f6-8190c8a1a796</instance_urn>
         <product_name>Java SE 6 Runtime Environment</product_name>
         <product_version>1.6.0_17</product_version>
         <product_urn>urn:uuid:92d1de8c-1e59-42c6-a280-1c379526bcbc</product_urn>
         <product_parent_urn>urn:uuid:fdc90b21-018d-4cab-b866-612c7c119ed3</product_parent_urn>
         <product_parent>Java Platform Standard Edition 6 (Java SE 6)</product_parent>
         <product_defined_inst_id>id=1.6.0_17-b04 x86,dir=C:\Program Files\Java\jre6</product_defined_inst_id>
         <product_vendor>Sun Microsystems</product_vendor>
         <platform_arch>x86</platform_arch>
         <timestamp>2009-11-21 23:16:03 GMT</timestamp>
         <container>global</container>
         <source>Windows JRE installer</source>
         <installer_uid>-1</installer_uid>
      </service_tag>
   </registry>
</registration_data>
